{
    "img_104.jpg": [
        [
            81.0,
            98.0,
            155.0,
            155.0
        ]
    ],
    "img_105.jpg": [
        [
            29.0,
            150.0,
            155.0,
            155.0
        ]
    ],
    "img_106.jpg": [
        [
            97.0,
            118.0,
            186.0,
            186.0
        ]
    ],
    "img_107.jpg": [
        [
            55.0,
            44.0,
            108.0,
            108.0
        ],
        [
            229.0,
            96.0,
            74.0,
            75.0
        ],
        [
            337.0,
            105.0,
            74.0,
            74.0
        ],
        [
            158.0,
            84.0,
            52.0,
            52.0
        ]
    ],
    "img_108.jpg": [
        [
            67.0,
            96.0,
            129.0,
            129.0
        ]
    ],
    "img_109.jpg": [
        [
            268.0,
            139.0,
            129.0,
            129.0
        ]
    ],
    "img_110.jpg": [
        [
            103.0,
            116.0,
            108.0,
            107.0
        ]
    ],
    "img_111.jpg": [
        [
            66.0,
            66.0,
            89.0,
            90.0
        ]
    ],
    "img_112.jpg": [
        [
            97.0,
            118.0,
            186.0,
            186.0
        ]
    ],
    "img_113.jpg": [
        [
            36.0,
            146.0,
            90.0,
            90.0
        ],
        [
            163.0,
            128.0,
            107.0,
            107.0
        ],
        [
            294.0,
            56.0,
            108.0,
            107.0
        ]
    ],
    "img_114.jpg": [
        [
            8.0,
            32.0,
            107.0,
            108.0
        ],
        [
            139.0,
            128.0,
            108.0,
            107.0
        ]
    ],
    "img_115.jpg": [
        [
            270.0,
            104.0,
            108.0,
            107.0
        ],
        [
            53.0,
            39.0,
            129.0,
            129.0
        ]
    ],
    "img_116.jpg": [
        [
            79.0,
            55.0,
            75.0,
            75.0
        ]
    ],
    "img_117.jpg": [
        [
            270.0,
            55.0,
            75.0,
            75.0
        ],
        [
            107.0,
            73.0,
            63.0,
            62.0
        ],
        [
            395.0,
            84.0,
            44.0,
            43.0
        ],
        [
            158.0,
            118.0,
            52.0,
            52.0
        ],
        [
            357.0,
            108.0,
            43.0,
            43.0
        ]
    ],
    "img_118.jpg": [
        [
            163.0,
            68.0,
            107.0,
            107.0
        ]
    ],
    "img_119.jpg": [
        [
            87.0,
            94.0,
            62.0,
            62.0
        ]
    ],
    "img_120.jpg": [
        [
            171.0,
            88.0,
            74.0,
            75.0
        ]
    ],
    "img_121.jpg": [
        [
            52.0,
            0.0,
            267.0,
            260.0
        ]
    ],
    "img_122.jpg": [
        [
            273.0,
            66.0,
            62.0,
            63.0
        ]
    ],
    "img_123.jpg": [
        [
            201.0,
            64.0,
            152.0,
            155.0
        ],
        [
            38.0,
            239.0,
            129.0,
            129.0
        ]
    ],
    "img_124.jpg": [
        [
            182.0,
            39.0,
            129.0,
            129.0
        ],
        [
            29.0,
            98.0,
            155.0,
            155.0
        ]
    ],
    "img_125.jpg": [
        [
            43.0,
            142.0,
            223.0,
            223.0
        ]
    ],
    "img_126.jpg": [
        [
            135.0,
            156.0,
            90.0,
            89.0
        ]
    ],
    "img_127.jpg": [
        [
            97.0,
            118.0,
            186.0,
            186.0
        ]
    ],
    "img_128.jpg": [
        [
            199.0,
            116.0,
            107.0,
            107.0
        ],
        [
            67.0,
            67.0,
            129.0,
            129.0
        ]
    ],
    "img_129.jpg": [
        [
            153.0,
            211.0,
            129.0,
            129.0
        ],
        [
            26.0,
            245.0,
            90.0,
            90.0
        ]
    ],
    "img_130.jpg": [
        [
            43.0,
            118.0,
            223.0,
            223.0
        ]
    ],
    "img_131.jpg": [
        [
            121.0,
            53.0,
            62.0,
            62.0
        ]
    ],
    "img_132.jpg": [
        [
            253.0,
            96.0,
            129.0,
            129.0
        ],
        [
            92.0,
            68.0,
            223.0,
            223.0
        ]
    ],
    "img_133.jpg": [
        [
            63.0,
            72.0,
            74.0,
            74.0
        ]
    ],
    "img_134.jpg": [
        [
            96.0,
            56.0,
            89.0,
            90.0
        ]
    ],
    "img_135.jpg": [
        [
            88.0,
            55.0,
            74.0,
            75.0
        ],
        [
            26.0,
            124.0,
            52.0,
            52.0
        ]
    ],
    "img_136.jpg": [
        [
            218.0,
            127.0,
            43.0,
            43.0
        ],
        [
            71.0,
            30.0,
            75.0,
            75.0
        ]
    ],
    "img_137.jpg": [
        [
            197.0,
            94.0,
            62.0,
            62.0
        ]
    ],
    "img_138.jpg": [
        [
            79.0,
            80.0,
            108.0,
            107.0
        ]
    ],
    "img_139.jpg": [
        [
            180.0,
            57.0,
            186.0,
            185.0
        ]
    ],
    "img_140.jpg": [
        [
            77.0,
            77.0,
            185.0,
            186.0
        ]
    ],
    "img_141.jpg": [
        [
            218.0,
            116.0,
            155.0,
            154.0
        ]
    ],
    "img_142.jpg": [
        [
            255.0,
            86.0,
            89.0,
            90.0
        ]
    ],
    "img_143.jpg": [
        [
            88.0,
            88.0,
            74.0,
            75.0
        ],
        [
            278.0,
            30.0,
            75.0,
            75.0
        ]
    ],
    "img_144.jpg": [
        [
            115.0,
            47.0,
            155.0,
            155.0
        ]
    ],
    "img_145.jpg": [],
    "img_146.jpg": [
        [
            110.0,
            96.0,
            129.0,
            129.0
        ]
    ],
    "img_147.jpg": [
        [
            116.0,
            56.0,
            89.0,
            90.0
        ],
        [
            245.0,
            146.0,
            90.0,
            90.0
        ]
    ],
    "img_148.jpg": [
        [
            18.0,
            68.0,
            223.0,
            223.0
        ]
    ],
    "img_149.jpg": [
        [
            113.0,
            47.0,
            74.0,
            74.0
        ]
    ],
    "img_150.jpg": [
        [
            175.0,
            196.0,
            90.0,
            89.0
        ]
    ],
    "img_151.jpg": [
        [
            235.0,
            166.0,
            90.0,
            89.0
        ]
    ],
    "img_152.jpg": [
        [
            81.0,
            98.0,
            155.0,
            155.0
        ]
    ],
    "img_153.jpg": [
        [
            81.0,
            116.0,
            155.0,
            154.0
        ]
    ],
    "img_154.jpg": [
        [
            77.0,
            98.0,
            185.0,
            186.0
        ]
    ],
    "img_155.jpg": [
        [
            68.0,
            93.0,
            223.0,
            223.0
        ]
    ],
    "img_156.jpg": [
        [
            175.0,
            86.0,
            90.0,
            90.0
        ]
    ],
    "img_157.jpg": [
        [
            81.0,
            81.0,
            155.0,
            155.0
        ]
    ],
    "img_158.jpg": [
        [
            24.0,
            110.0,
            129.0,
            129.0
        ],
        [
            167.0,
            82.0,
            129.0,
            129.0
        ]
    ],
    "img_159.jpg": [
        [
            77.0,
            160.0,
            185.0,
            185.0
        ]
    ],
    "img_160.jpg": [
        [
            71.0,
            113.0,
            75.0,
            75.0
        ],
        [
            312.0,
            113.0,
            74.0,
            75.0
        ]
    ],
    "img_161.jpg": [
        [
            139.0,
            68.0,
            108.0,
            107.0
        ]
    ],
    "img_162.jpg": [
        [
            153.0,
            125.0,
            129.0,
            129.0
        ]
    ],
    "img_163.jpg": [
        [
            29.0,
            81.0,
            155.0,
            155.0
        ]
    ],
    "img_164.jpg": [
        [
            22.0,
            82.0,
            268.0,
            268.0
        ]
    ],
    "img_165.jpg": [
        [
            175.0,
            96.0,
            90.0,
            90.0
        ]
    ],
    "img_166.jpg": [
        [
            18.0,
            167.0,
            223.0,
            223.0
        ]
    ],
    "img_167.jpg": [
        [
            29.0,
            64.0,
            155.0,
            155.0
        ]
    ],
    "img_168.jpg": [
        [
            43.0,
            142.0,
            223.0,
            223.0
        ]
    ],
    "img_169.jpg": [
        [
            73.0,
            101.0,
            62.0,
            62.0
        ],
        [
            315.0,
            46.0,
            89.0,
            90.0
        ]
    ],
    "img_170.jpg": [
        [
            185.0,
            66.0,
            90.0,
            90.0
        ]
    ],
    "img_171.jpg": [
        [
            225.0,
            26.0,
            90.0,
            90.0
        ],
        [
            337.0,
            155.0,
            74.0,
            74.0
        ],
        [
            291.0,
            118.0,
            52.0,
            52.0
        ]
    ],
    "img_172.jpg": [
        [
            64.0,
            81.0,
            154.0,
            155.0
        ]
    ],
    "img_173.jpg": [],
    "img_174.jpg": [
        [
            262.0,
            63.0,
            75.0,
            75.0
        ],
        [
            55.0,
            63.0,
            74.0,
            75.0
        ]
    ],
    "img_175.jpg": [
        [
            295.0,
            56.0,
            89.0,
            90.0
        ],
        [
            165.0,
            76.0,
            90.0,
            90.0
        ]
    ],
    "img_176.jpg": [
        [
            245.0,
            56.0,
            90.0,
            90.0
        ],
        [
            176.0,
            94.0,
            63.0,
            62.0
        ]
    ],
    "img_177.jpg": [
        [
            239.0,
            82.0,
            129.0,
            129.0
        ],
        [
            97.0,
            77.0,
            186.0,
            186.0
        ]
    ],
    "img_178.jpg": [
        [
            77.0,
            160.0,
            185.0,
            185.0
        ]
    ],
    "img_179.jpg": [
        [
            325.0,
            156.0,
            89.0,
            89.0
        ],
        [
            49.0,
            82.0,
            36.0,
            36.0
        ],
        [
            145.0,
            66.0,
            36.0,
            36.0
        ],
        [
            360.0,
            44.0,
            52.0,
            51.0
        ],
        [
            213.0,
            22.0,
            43.0,
            43.0
        ]
    ],
    "img_180.jpg": [
        [
            211.0,
            68.0,
            107.0,
            107.0
        ]
    ],
    "img_181.jpg": [
        [
            81.0,
            110.0,
            129.0,
            129.0
        ]
    ],
    "img_182.jpg": [
        [
            185.0,
            86.0,
            90.0,
            90.0
        ]
    ],
    "img_183.jpg": [
        [
            46.0,
            116.0,
            155.0,
            154.0
        ],
        [
            253.0,
            116.0,
            155.0,
            154.0
        ]
    ],
    "img_184.jpg": [
        [
            342.0,
            53.0,
            63.0,
            62.0
        ],
        [
            229.0,
            72.0,
            74.0,
            74.0
        ],
        [
            142.0,
            66.0,
            62.0,
            63.0
        ],
        [
            31.0,
            66.0,
            62.0,
            63.0
        ]
    ],
    "img_185.jpg": [
        [
            106.0,
            116.0,
            89.0,
            90.0
        ],
        [
            245.0,
            116.0,
            90.0,
            90.0
        ]
    ],
    "img_186.jpg": [
        [
            96.0,
            67.0,
            129.0,
            129.0
        ]
    ],
    "img_187.jpg": [
        [
            46.0,
            204.0,
            75.0,
            75.0
        ]
    ],
    "img_188.jpg": [
        [
            53.0,
            82.0,
            129.0,
            129.0
        ]
    ],
    "img_189.jpg": [
        [
            113.0,
            55.0,
            74.0,
            75.0
        ]
    ],
    "img_190.jpg": [
        [
            151.0,
            44.0,
            108.0,
            108.0
        ]
    ],
    "img_191.jpg": [
        [
            139.0,
            82.0,
            129.0,
            129.0
        ]
    ],
    "img_192.jpg": [
        [
            116.0,
            36.0,
            89.0,
            90.0
        ],
        [
            229.0,
            155.0,
            74.0,
            74.0
        ]
    ],
    "img_193.jpg": [
        [
            265.0,
            86.0,
            89.0,
            90.0
        ],
        [
            55.0,
            44.0,
            108.0,
            108.0
        ]
    ],
    "img_194.jpg": [
        [
            53.0,
            53.0,
            129.0,
            129.0
        ]
    ],
    "img_195.jpg": [
        [
            79.0,
            68.0,
            108.0,
            107.0
        ]
    ],
    "img_196.jpg": [
        [
            106.0,
            66.0,
            89.0,
            90.0
        ]
    ],
    "img_197.jpg": [],
    "img_198.jpg": [
        [
            66.0,
            108.0,
            62.0,
            62.0
        ],
        [
            204.0,
            30.0,
            74.0,
            75.0
        ]
    ],
    "img_199.jpg": [
        [
            270.0,
            63.0,
            75.0,
            75.0
        ],
        [
            104.0,
            88.0,
            75.0,
            75.0
        ]
    ],
    "img_200.jpg": [
        [
            26.0,
            116.0,
            90.0,
            90.0
        ],
        [
            199.0,
            92.0,
            107.0,
            107.0
        ]
    ],
    "img_201.jpg": [
        [
            121.0,
            39.0,
            62.0,
            62.0
        ]
    ],
    "img_202.jpg": [
        [
            129.0,
            101.0,
            52.0,
            52.0
        ],
        [
            259.0,
            39.0,
            63.0,
            62.0
        ]
    ],
    "img_203.jpg": [
        [
            117.0,
            118.0,
            223.0,
            223.0
        ]
    ],
    "img_204.jpg": [
        [
            43.0,
            142.0,
            223.0,
            223.0
        ]
    ],
    "img_205.jpg": [
        [
            337.0,
            105.0,
            74.0,
            74.0
        ],
        [
            38.0,
            55.0,
            75.0,
            75.0
        ]
    ],
    "img_206.jpg": [
        [
            139.0,
            96.0,
            129.0,
            129.0
        ]
    ]
}